"geo"	"Nom"
"BE100"	"Arr. de Bruxelles-Capitale/Arr. van Brussel-Hoofdstad"
"BE211"	"Arr. Antwerpen"
"BE212"	"Arr. Mechelen"
"BE213"	"Arr. Turnhout"
"BE221"	"Arr. Hasselt"
"BE222"	"Arr. Maaseik"
"BE223"	"Arr. Tongeren"
"BE231"	"Arr. Aalst"
"BE232"	"Arr. Dendermonde"
"BE233"	"Arr. Eeklo"
"BE234"	"Arr. Gent"
"BE235"	"Arr. Oudenaarde"
"BE236"	"Arr. Sint-Niklaas"
"BE241"	"Arr. Halle-Vilvoorde"
"BE242"	"Arr. Leuven"
"BE251"	"Arr. Brugge"
"BE252"	"Arr. Diksmuide"
"BE253"	"Arr. Ieper"
"BE254"	"Arr. Kortrijk"
"BE255"	"Arr. Oostende"
"BE256"	"Arr. Roeselare"
"BE257"	"Arr. Tielt"
"BE258"	"Arr. Veurne"
"BE310"	"Arr. Nivelles"
"BE321"	"Arr. Ath"
"BE322"	"Arr. Charleroi"
"BE323"	"Arr. Mons"
"BE324"	"Arr. Mouscron"
"BE325"	"Arr. Soignies"
"BE326"	"Arr. Thuin"
"BE327"	"Arr. Tournai"
"BE331"	"Arr. Huy"
"BE332"	"Arr. Liège"
"BE334"	"Arr. Waremme"
"BE335"	"Arr. Verviers — communes francophones"
"BE336"	"Bezirk Verviers — Deutschsprachige Gemeinschaft"
"BE341"	"Arr. Arlon"
"BE342"	"Arr. Bastogne"
"BE343"	"Arr. Marche-en-Famenne"
"BE344"	"Arr. Neufchâteau"
"BE345"	"Arr. Virton"
"BE351"	"Arr. Dinant"
"BE352"	"Arr. Namur"
"BE353"	"Arr. Philippeville"
"BEZZZ"	"Extra-Regio NUTS 3"
"BG311"	"Vidin"
"BG312"	"Montana"
"BG313"	"Vratsa"
"BG314"	"Pleven"
"BG315"	"Lovech"
"BG321"	"Veliko Tarnovo"
"BG322"	"Gabrovo"
"BG323"	"Ruse"
"BG324"	"Razgrad"
"BG325"	"Silistra"
"BG331"	"Varna"
"BG332"	"Dobrich"
"BG333"	"Shumen"
"BG334"	"Targovishte"
"BG341"	"Burgas"
"BG342"	"Sliven"
"BG343"	"Yambol"
"BG344"	"Stara Zagora"
"BG411"	"Sofia (stolitsa)"
"BG412"	"Sofia"
"BG413"	"Blagoevgrad"
"BG414"	"Pernik"
"BG415"	"Kyustendil"
"BG421"	"Plovdiv"
"BG422"	"Haskovo"
"BG423"	"Pazardzhik"
"BG424"	"Smolyan"
"BG425"	"Kardzhali"
"BGZZZ"	"Extra-Regio NUTS 3"
"CZ010"	"Hlavní město Praha"
"CZ020"	"Středočeský kraj"
"CZ031"	"Jihočeský kraj"
"CZ032"	"Plzeňský kraj"
"CZ041"	"Karlovarský kraj"
"CZ042"	"Ústecký kraj"
"CZ051"	"Liberecký kraj"
"CZ052"	"Královéhradecký kraj"
"CZ053"	"Pardubický kraj"
"CZ063"	"Kraj Vysočina"
"CZ064"	"Jihomoravský kraj"
"CZ071"	"Olomoucký kraj"
"CZ072"	"Zlínský kraj"
"CZ080"	"Moravskoslezský kraj"
"CZZZZ"	"Extra-Regio NUTS 3"
"DK011"	"Byen København"
"DK012"	"Københavns omegn"
"DK013"	"Nordsjælland"
"DK014"	"Bornholm"
"DK021"	"Østsjælland"
"DK022"	"Vest- og Sydsjælland"
"DK031"	"Fyn"
"DK032"	"Sydjylland"
"DK041"	"Vestjylland"
"DK042"	"Østjylland"
"DK050"	"Nordjylland"
"DKZZZ"	"Extra-Regio NUTS 3"
"DE111"	"Stuttgart, Stadtkreis"
"DE112"	"Böblingen"
"DE113"	"Esslingen"
"DE114"	"Göppingen"
"DE115"	"Ludwigsburg"
"DE116"	"Rems-Murr-Kreis"
"DE117"	"Heilbronn, Stadtkreis"
"DE118"	"Heilbronn, Landkreis"
"DE119"	"Hohenlohekreis"
"DE11A"	"Schwäbisch Hall"
"DE11B"	"Main-Tauber-Kreis"
"DE11C"	"Heidenheim"
"DE11D"	"Ostalbkreis"
"DE121"	"Baden-Baden, Stadtkreis"
"DE122"	"Karlsruhe, Stadtkreis"
"DE123"	"Karlsruhe, Landkreis"
"DE124"	"Rastatt"
"DE125"	"Heidelberg, Stadtkreis"
"DE126"	"Mannheim, Stadtkreis"
"DE127"	"Neckar-Odenwald-Kreis"
"DE128"	"Rhein-Neckar-Kreis"
"DE129"	"Pforzheim, Stadtkreis"
"DE12A"	"Calw"
"DE12B"	"Enzkreis"
"DE12C"	"Freudenstadt"
"DE131"	"Freiburg im Breisgau, Stadtkreis"
"DE132"	"Breisgau-Hochschwarzwald"
"DE133"	"Emmendingen"
"DE134"	"Ortenaukreis"
"DE135"	"Rottweil"
"DE136"	"Schwarzwald-Baar-Kreis"
"DE137"	"Tuttlingen"
"DE138"	"Konstanz"
"DE139"	"Lörrach"
"DE13A"	"Waldshut"
"DE141"	"Reutlingen"
"DE142"	"Tübingen, Landkreis"
"DE143"	"Zollernalbkreis"
"DE144"	"Ulm, Stadtkreis"
"DE145"	"Alb-Donau-Kreis"
"DE146"	"Biberach"
"DE147"	"Bodenseekreis"
"DE148"	"Ravensburg"
"DE149"	"Sigmaringen"
"DE211"	"Ingolstadt, Kreisfreie Stadt"
"DE212"	"München, Kreisfreie Stadt"
"DE213"	"Rosenheim, Kreisfreie Stadt"
"DE214"	"Altötting"
"DE215"	"Berchtesgadener Land"
"DE216"	"Bad Tölz-Wolfratshausen"
"DE217"	"Dachau"
"DE218"	"Ebersberg"
"DE219"	"Eichstätt"
"DE21A"	"Erding"
"DE21B"	"Freising"
"DE21C"	"Fürstenfeldbruck"
"DE21D"	"Garmisch-Partenkirchen"
"DE21E"	"Landsberg am Lech"
"DE21F"	"Miesbach"
"DE21G"	"Mühldorf a. Inn"
"DE21H"	"München, Landkreis"
"DE21I"	"Neuburg-Schrobenhausen"
"DE21J"	"Pfaffenhofen a. d. Ilm"
"DE21K"	"Rosenheim, Landkreis"
"DE21L"	"Starnberg"
"DE21M"	"Traunstein"
"DE21N"	"Weilheim-Schongau"
"DE221"	"Landshut, Kreisfreie Stadt"
"DE222"	"Passau, Kreisfreie Stadt"
"DE223"	"Straubing, Kreisfreie Stadt"
"DE224"	"Deggendorf"
"DE225"	"Freyung-Grafenau"
"DE226"	"Kelheim"
"DE227"	"Landshut, Landkreis"
"DE228"	"Passau, Landkreis"
"DE229"	"Regen"
"DE22A"	"Rottal-Inn"
"DE22B"	"Straubing-Bogen"
"DE22C"	"Dingolfing-Landau"
"DE231"	"Amberg, Kreisfreie Stadt"
"DE232"	"Regensburg, Kreisfreie Stadt"
"DE233"	"Weiden i. d. Opf, Kreisfreie Stadt"
"DE234"	"Amberg-Sulzbach"
"DE235"	"Cham"
"DE236"	"Neumarkt i. d. OPf."
"DE237"	"Neustadt a. d. Waldnaab"
"DE238"	"Regensburg, Landkreis"
"DE239"	"Schwandorf"
"DE23A"	"Tirschenreuth"
"DE241"	"Bamberg, Kreisfreie Stadt"
"DE242"	"Bayreuth, Kreisfreie Stadt"
"DE243"	"Coburg, Kreisfreie Stadt"
"DE244"	"Hof, Kreisfreie Stadt"
"DE245"	"Bamberg, Landkreis"
"DE246"	"Bayreuth, Landkreis"
"DE247"	"Coburg, Landkreis"
"DE248"	"Forchheim"
"DE249"	"Hof, Landkreis"
"DE24A"	"Kronach"
"DE24B"	"Kulmbach"
"DE24C"	"Lichtenfels"
"DE24D"	"Wunsiedel i. Fichtelgebirge"
"DE251"	"Ansbach, Kreisfreie Stadt"
"DE252"	"Erlangen, Kreisfreie Stadt"
"DE253"	"Fürth, Kreisfreie Stadt"
"DE254"	"Nürnberg, Kreisfreie Stadt"
"DE255"	"Schwabach, Kreisfreie Stadt"
"DE256"	"Ansbach, Landkreis"
"DE257"	"Erlangen-Höchstadt"
"DE258"	"Fürth, Landkreis"
"DE259"	"Nürnberger Land"
"DE25A"	"Neustadt a. d. Aisch-Bad Windsheim"
"DE25B"	"Roth"
"DE25C"	"Weißenburg-Gunzenhausen"
"DE261"	"Aschaffenburg, Kreisfreie Stadt"
"DE262"	"Schweinfurt, Kreisfreie Stadt"
"DE263"	"Würzburg, Kreisfreie Stadt"
"DE264"	"Aschaffenburg, Landkreis"
"DE265"	"Bad Kissingen"
"DE266"	"Rhön-Grabfeld"
"DE267"	"Haßberge"
"DE268"	"Kitzingen"
"DE269"	"Miltenberg"
"DE26A"	"Main-Spessart"
"DE26B"	"Schweinfurt, Landkreis"
"DE26C"	"Würzburg, Landkreis"
"DE271"	"Augsburg, Kreisfreie Stadt"
"DE272"	"Kaufbeuren, Kreisfreie Stadt"
"DE273"	"Kempten (Allgäu), Kreisfreie Stadt"
"DE274"	"Memmingen, Kreisfreie Stadt"
"DE275"	"Aichach-Friedberg"
"DE276"	"Augsburg, Landkreis"
"DE277"	"Dillingen a.d. Donau"
"DE278"	"Günzburg"
"DE279"	"Neu-Ulm"
"DE27A"	"Lindau (Bodensee)"
"DE27B"	"Ostallgäu"
"DE27C"	"Unterallgäu"
"DE27D"	"Donau-Ries"
"DE27E"	"Oberallgäu"
"DE300"	"Berlin"
"DE401"	"Brandenburg an der Havel, Kreisfreie Stadt"
"DE402"	"Cottbus, Kreisfreie Stadt"
"DE403"	"Frankfurt (Oder), Kreisfreie Stadt"
"DE404"	"Potsdam, Kreisfreie Stadt"
"DE405"	"Barnim"
"DE406"	"Dahme-Spreewald"
"DE407"	"Elbe-Elster"
"DE408"	"Havelland"
"DE409"	"Märkisch-Oderland"
"DE40A"	"Oberhavel"
"DE40B"	"Oberspreewald-Lausitz"
"DE40C"	"Oder-Spree"
"DE40D"	"Ostprignitz-Ruppin"
"DE40E"	"Potsdam-Mittelmark"
"DE40F"	"Prignitz"
"DE40G"	"Spree-Neiße"
"DE40H"	"Teltow-Fläming"
"DE40I"	"Uckermark"
"DE501"	"Bremen, Kreisfreie Stadt"
"DE502"	"Bremerhaven, Kreisfreie Stadt"
"DE600"	"Hamburg"
"DE711"	"Darmstadt, Kreisfreie Stadt"
"DE712"	"Frankfurt am Main, Kreisfreie Stadt"
"DE713"	"Offenbach am Main, Kreisfreie Stadt"
"DE714"	"Wiesbaden, Kreisfreie Stadt"
"DE715"	"Bergstraße"
"DE716"	"Darmstadt-Dieburg"
"DE717"	"Groß-Gerau"
"DE718"	"Hochtaunuskreis"
"DE719"	"Main-Kinzig-Kreis"
"DE71A"	"Main-Taunus-Kreis"
"DE71B"	"Odenwaldkreis"
"DE71C"	"Offenbach, Landkreis"
"DE71D"	"Rheingau-Taunus-Kreis"
"DE71E"	"Wetteraukreis"
"DE721"	"Gießen, Landkreis"
"DE722"	"Lahn-Dill-Kreis"
"DE723"	"Limburg-Weilburg"
"DE724"	"Marburg-Biedenkopf"
"DE725"	"Vogelsbergkreis"
"DE731"	"Kassel, Kreisfreie Stadt"
"DE732"	"Fulda"
"DE733"	"Hersfeld-Rotenburg"
"DE734"	"Kassel, Landkreis"
"DE735"	"Schwalm-Eder-Kreis"
"DE736"	"Waldeck-Frankenberg"
"DE737"	"Werra-Meißner-Kreis"
"DE803"	"Rostock, Kreisfreie Stadt"
"DE804"	"Schwerin, Kreisfreie Stadt"
"DE80J"	"Mecklenburgische Seenplatte"
"DE80K"	"Vorpommern-Greifswald"
"DE80L"	"Landkreis Rostock"
"DE80M"	"Vorpommern-Rügen"
"DE80N"	"Nordwestmecklenburg"
"DE80O"	"Ludwigslust-Parchim"
"DE911"	"Braunschweig, Kreisfreie Stadt"
"DE912"	"Salzgitter, Kreisfreie Stadt"
"DE913"	"Wolfsburg, Kreisfreie Stadt"
"DE914"	"Gifhorn"
"DE915"	"Göttingen"
"DE916"	"Goslar"
"DE917"	"Helmstedt"
"DE918"	"Northeim"
"DE919"	"Osterode am Harz"
"DE91A"	"Peine"
"DE91B"	"Wolfenbüttel"
"DE922"	"Diepholz"
"DE923"	"Hameln-Pyrmont"
"DE925"	"Hildesheim"
"DE926"	"Holzminden"
"DE927"	"Nienburg (Weser)"
"DE928"	"Schaumburg"
"DE929"	"Region Hannover"
"DE931"	"Celle"
"DE932"	"Cuxhaven"
"DE933"	"Harburg"
"DE934"	"Lüchow-Dannenberg"
"DE935"	"Lüneburg, Landkreis"
"DE936"	"Osterholz"
"DE937"	"Rotenburg (Wümme)"
"DE938"	"Heidekreis"
"DE939"	"Stade"
"DE93A"	"Uelzen"
"DE93B"	"Verden"
"DE941"	"Delmenhorst, Kreisfreie Stadt"
"DE942"	"Emden, Kreisfreie Stadt"
"DE943"	"Oldenburg (Oldenburg), Kreisfreie Stadt"
"DE944"	"Osnabrück, Kreisfreie Stadt"
"DE945"	"Wilhelmshaven, Kreisfreie Stadt"
"DE946"	"Ammerland"
"DE947"	"Aurich"
"DE948"	"Cloppenburg"
"DE949"	"Emsland"
"DE94A"	"Friesland (DE)"
"DE94B"	"Grafschaft Bentheim"
"DE94C"	"Leer"
"DE94D"	"Oldenburg, Landkreis"
"DE94E"	"Osnabrück, Landkreis"
"DE94F"	"Vechta"
"DE94G"	"Wesermarsch"
"DE94H"	"Wittmund"
"DEA11"	"Düsseldorf, Kreisfreie Stadt"
"DEA12"	"Duisburg, Kreisfreie Stadt"
"DEA13"	"Essen, Kreisfreie Stadt"
"DEA14"	"Krefeld, Kreisfreie Stadt"
"DEA15"	"Mönchengladbach, Kreisfreie Stadt"
"DEA16"	"Mülheim an der Ruhr, Kreisfreie Stadt"
"DEA17"	"Oberhausen, Kreisfreie Stadt"
"DEA18"	"Remscheid, Kreisfreie Stadt"
"DEA19"	"Solingen, Kreisfreie Stadt"
"DEA1A"	"Wuppertal, Kreisfreie Stadt"
"DEA1B"	"Kleve"
"DEA1C"	"Mettmann"
"DEA1D"	"Rhein-Kreis Neuss"
"DEA1E"	"Viersen"
"DEA1F"	"Wesel"
"DEA22"	"Bonn, Kreisfreie Stadt"
"DEA23"	"Köln, Kreisfreie Stadt"
"DEA24"	"Leverkusen, Kreisfreie Stadt"
"DEA26"	"Düren"
"DEA27"	"Rhein-Erft-Kreis"
"DEA28"	"Euskirchen"
"DEA29"	"Heinsberg"
"DEA2A"	"Oberbergischer Kreis"
"DEA2B"	"Rheinisch-Bergischer Kreis"
"DEA2C"	"Rhein-Sieg-Kreis"
"DEA2D"	"Städteregion Aachen"
"DEA31"	"Bottrop, Kreisfreie Stadt"
"DEA32"	"Gelsenkirchen, Kreisfreie Stadt"
"DEA33"	"Münster, Kreisfreie Stadt"
"DEA34"	"Borken"
"DEA35"	"Coesfeld"
"DEA36"	"Recklinghausen"
"DEA37"	"Steinfurt"
"DEA38"	"Warendorf"
"DEA41"	"Bielefeld, Kreisfreie Stadt"
"DEA42"	"Gütersloh"
"DEA43"	"Herford"
"DEA44"	"Höxter"
"DEA45"	"Lippe"
"DEA46"	"Minden-Lübbecke"
"DEA47"	"Paderborn"
"DEA51"	"Bochum, Kreisfreie Stadt"
"DEA52"	"Dortmund, Kreisfreie Stadt"
"DEA53"	"Hagen, Kreisfreie Stadt"
"DEA54"	"Hamm, Kreisfreie Stadt"
"DEA55"	"Herne, Kreisfreie Stadt"
"DEA56"	"Ennepe-Ruhr-Kreis"
"DEA57"	"Hochsauerlandkreis"
"DEA58"	"Märkischer Kreis"
"DEA59"	"Olpe"
"DEA5A"	"Siegen-Wittgenstein"
"DEA5B"	"Soest"
"DEA5C"	"Unna"
"DEB11"	"Koblenz, Kreisfreie Stadt"
"DEB12"	"Ahrweiler"
"DEB13"	"Altenkirchen (Westerwald)"
"DEB14"	"Bad Kreuznach"
"DEB15"	"Birkenfeld"
"DEB17"	"Mayen-Koblenz"
"DEB18"	"Neuwied"
"DEB1A"	"Rhein-Lahn-Kreis"
"DEB1B"	"Westerwaldkreis"
"DEB16"	"Cochem-Zell"
"DEB19"	"Rhein-Hunsrück-Kreis"
"DEB21"	"Trier, Kreisfreie Stadt"
"DEB22"	"Bernkastel-Wittlich"
"DEB23"	"Eifelkreis Bitburg-Prüm"
"DEB24"	"Vulkaneifel"
"DEB25"	"Trier-Saarburg"
"DEB31"	"Frankenthal (Pfalz), Kreisfreie Stadt"
"DEB32"	"Kaiserslautern, Kreisfreie Stadt"
"DEB33"	"Landau in der Pfalz, Kreisfreie Stadt"
"DEB34"	"Ludwigshafen am Rhein, Kreisfreie Stadt"
"DEB35"	"Mainz, Kreisfreie Stadt"
"DEB36"	"Neustadt an der Weinstraße, Kreisfreie Stadt"
"DEB37"	"Pirmasens, Kreisfreie Stadt"
"DEB38"	"Speyer, Kreisfreie Stadt"
"DEB39"	"Worms, Kreisfreie Stadt"
"DEB3A"	"Zweibrücken, Kreisfreie Stadt"
"DEB3B"	"Alzey-Worms"
"DEB3C"	"Bad Dürkheim"
"DEB3D"	"Donnersbergkreis"
"DEB3E"	"Germersheim"
"DEB3F"	"Kaiserslautern, Landkreis"
"DEB3G"	"Kusel"
"DEB3H"	"Südliche Weinstraße"
"DEB3I"	"Rhein-Pfalz-Kreis"
"DEB3J"	"Mainz-Bingen"
"DEB3K"	"Südwestpfalz"
"DEC01"	"Regionalverband Saarbrücken"
"DEC02"	"Merzig-Wadern"
"DEC03"	"Neunkirchen"
"DEC04"	"Saarlouis"
"DEC05"	"Saarpfalz-Kreis"
"DEC06"	"St. Wendel"
"DED21"	"Dresden, Kreisfreie Stadt"
"DED2C"	"Bautzen"
"DED2D"	"Görlitz"
"DED2E"	"Meißen"
"DED2F"	"Sächsische Schweiz-Osterzgebirge"
"DED41"	"Chemnitz, Kreisfreie Stadt"
"DED42"	"Erzgebirgskreis"
"DED43"	"Mittelsachsen"
"DED44"	"Vogtlandkreis"
"DED45"	"Zwickau"
"DED51"	"Leipzig, Kreisfreie Stadt"
"DED52"	"Leipzig"
"DED53"	"Nordsachsen"
"DEE01"	"Dessau-Roßlau, Kreisfreie Stadt"
"DEE02"	"Halle (Saale), Kreisfreie Stadt"
"DEE03"	"Magdeburg, Kreisfreie Stadt"
"DEE04"	"Altmarkkreis Salzwedel"
"DEE05"	"Anhalt-Bitterfeld"
"DEE06"	"Jerichower Land"
"DEE07"	"Börde"
"DEE08"	"Burgenlandkreis"
"DEE09"	"Harz"
"DEE0A"	"Mansfeld-Südharz"
"DEE0B"	"Saalekreis"
"DEE0C"	"Salzlandkreis"
"DEE0D"	"Stendal"
"DEE0E"	"Wittenberg"
"DEF01"	"Flensburg, Kreisfreie Stadt"
"DEF02"	"Kiel, Kreisfreie Stadt"
"DEF03"	"Lübeck, Kreisfreie Stadt"
"DEF04"	"Neumünster, Kreisfreie Stadt"
"DEF05"	"Dithmarschen"
"DEF06"	"Herzogtum Lauenburg"
"DEF07"	"Nordfriesland"
"DEF08"	"Ostholstein"
"DEF09"	"Pinneberg"
"DEF0A"	"Plön"
"DEF0B"	"Rendsburg-Eckernförde"
"DEF0C"	"Schleswig-Flensburg"
"DEF0D"	"Segeberg"
"DEF0E"	"Steinburg"
"DEF0F"	"Stormarn"
"DEG01"	"Erfurt, Kreisfreie Stadt"
"DEG02"	"Gera, Kreisfreie Stadt"
"DEG03"	"Jena, Kreisfreie Stadt"
"DEG04"	"Suhl, Kreisfreie Stadt"
"DEG05"	"Weimar, Kreisfreie Stadt"
"DEG06"	"Eichsfeld"
"DEG07"	"Nordhausen"
"DEG09"	"Unstrut-Hainich-Kreis"
"DEG0A"	"Kyffhäuserkreis"
"DEG0B"	"Schmalkalden-Meiningen"
"DEG0C"	"Gotha"
"DEG0D"	"Sömmerda"
"DEG0E"	"Hildburghausen"
"DEG0F"	"Ilm-Kreis"
"DEG0G"	"Weimarer Land"
"DEG0H"	"Sonneberg"
"DEG0I"	"Saalfeld-Rudolstadt"
"DEG0J"	"Saale-Holzland-Kreis"
"DEG0K"	"Saale-Orla-Kreis"
"DEG0L"	"Greiz"
"DEG0M"	"Altenburger Land"
"DEG0N"	"Eisenach, Kreisfreie Stadt"
"DEG0P"	"Wartburgkreis"
"DEZZZ"	"Extra-Regio NUTS 3"
"EE001"	"Põhja-Eesti"
"EE004"	"Lääne-Eesti"
"EE006"	"Kesk-Eesti"
"EE007"	"Kirde-Eesti"
"EE008"	"Lõuna-Eesti"
"EEZZZ"	"Extra-Regio NUTS 3"
"IE011"	"Border"
"IE013"	"West"
"IE023"	"Mid-West "
"IE024"	"South-East "
"IE025"	"South-West "
"IE021"	"Dublin"
"IE022"	"Mid-East"
"IE012"	"Midland"
"IEZZZ"	"Extra-Regio NUTS 3"
"EL301"	"Voreios Tomeas Athinon"
"EL302"	"Dytikos Tomeas Athinon"
"EL303"	"Kentrikos Tomeas Athinon"
"EL304"	"Notios Tomeas Athinon"
"EL305"	"Anatoliki Attiki"
"EL306"	"Dytiki Attiki"
"EL307"	"Peiraias, Nisoi"
"EL411"	"Lesvos, Limnos"
"EL412"	"Ikaria, Samos"
"EL413"	"Chios"
"EL421"	"Kalymnos, Karpathos, Kos, Rodos"
"EL422"	"Andros, Thira, Kea, Milos, Mykonos, Naxos, Paros, Syros, Tinos"
"EL431"	"Irakleio"
"EL432"	"Lasithi"
"EL433"	"Rethymni"
"EL434"	"Chania"
"EL511"	"Evros"
"EL512"	"Xanthi"
"EL513"	"Rodopi"
"EL514"	"Drama"
"EL515"	"Thasos, Kavala"
"EL521"	"Imathia"
"EL522"	"Thessaloniki"
"EL523"	"Kilkis"
"EL524"	"Pella"
"EL525"	"Pieria"
"EL526"	"Serres"
"EL527"	"Chalkidiki"
"EL531"	"Grevena, Kozani"
"EL532"	"Kastoria"
"EL533"	"Florina"
"EL541"	"Arta, Preveza"
"EL542"	"Thesprotia"
"EL543"	"Ioannina"
"EL611"	"Karditsa, Trikala"
"EL612"	"Larisa"
"EL613"	"Magnisia, Sporades"
"EL621"	"Zakynthos"
"EL622"	"Kerkyra"
"EL623"	"Ithaki, Kefallinia"
"EL624"	"Lefkada"
"EL631"	"Aitoloakarnania"
"EL632"	"Achaia"
"EL633"	"Ileia"
"EL641"	"Voiotia"
"EL642"	"Evvoia"
"EL643"	"Evrytania"
"EL644"	"Fthiotida"
"EL645"	"Fokida"
"EL651"	"Argolida, Arkadia"
"EL652"	"Korinthia"
"EL653"	"Lakonia, Messinia"
"ELZZZ"	"Extra-Regio NUTS 3"
"ES111"	"A Coruña"
"ES112"	"Lugo"
"ES113"	"Ourense"
"ES114"	"Pontevedra"
"ES120"	"Asturias"
"ES130"	"Cantabria"
"ES211"	"Araba/Álava"
"ES212"	"Gipuzkoa"
"ES213"	"Bizkaia"
"ES220"	"Navarra"
"ES230"	"La Rioja"
"ES241"	"Huesca"
"ES242"	"Teruel"
"ES243"	"Zaragoza"
"ES300"	"Madrid"
"ES411"	"Ávila"
"ES412"	"Burgos"
"ES413"	"León"
"ES414"	"Palencia"
"ES415"	"Salamanca"
"ES416"	"Segovia"
"ES417"	"Soria"
"ES418"	"Valladolid"
"ES419"	"Zamora"
"ES421"	"Albacete"
"ES422"	"Ciudad Real"
"ES423"	"Cuenca"
"ES424"	"Guadalajara"
"ES425"	"Toledo"
"ES431"	"Badajoz"
"ES432"	"Cáceres"
"ES511"	"Barcelona"
"ES512"	"Girona"
"ES513"	"Lleida"
"ES514"	"Tarragona"
"ES521"	"Alicante/Alacant"
"ES522"	"Castellón/Castelló"
"ES523"	"Valencia/València"
"ES531"	"Eivissa y Formentera"
"ES532"	"Mallorca"
"ES533"	"Menorca"
"ES611"	"Almería"
"ES612"	"Cádiz"
"ES613"	"Córdoba"
"ES614"	"Granada"
"ES615"	"Huelva"
"ES616"	"Jaén"
"ES617"	"Málaga"
"ES618"	"Sevilla"
"ES620"	"Murcia"
"ES630"	"Ceuta"
"ES640"	"Melilla"
"ES703"	"El Hierro"
"ES704"	"Fuerteventura"
"ES705"	"Gran Canaria"
"ES706"	"La Gomera"
"ES707"	"La Palma"
"ES708"	"Lanzarote"
"ES709"	"Tenerife"
"ESZZZ"	"Extra-Regio NUTS 3"
"FR101"	"Paris"
"FR102"	"Seine-et-Marne "
"FR103"	"Yvelines "
"FR104"	"Essonne"
"FR105"	"Hauts-de-Seine "
"FR106"	"Seine-Saint-Denis "
"FR107"	"Val-de-Marne"
"FR108"	"Val-d’Oise"
"FR241"	"Cher"
"FR242"	"Eure-et-Loir"
"FR243"	"Indre"
"FR244"	"Indre-et-Loire"
"FR245"	"Loir-et-Cher"
"FR246"	"Loiret"
"FR261"	"Côte-d’Or"
"FR262"	"Nièvre"
"FR263"	"Saône-et-Loire"
"FR264"	"Yonne"
"FR431"	"Doubs"
"FR432"	"Jura"
"FR433"	"Haute-Saône"
"FR434"	"Territoire de Belfort"
"FR251"	"Calvados "
"FR252"	"Manche "
"FR253"	"Orne"
"FR231"	"Eure"
"FR232"	"Seine-Maritime"
"FR301"	"Nord"
"FR302"	"Pas-de-Calais"
"FR221"	"Aisne"
"FR222"	"Oise"
"FR223"	"Somme"
"FR421"	"Bas-Rhin"
"FR422"	"Haut-Rhin"
"FR211"	"Ardennes"
"FR212"	"Aube"
"FR213"	"Marne"
"FR214"	"Haute-Marne"
"FR411"	"Meurthe-et-Moselle "
"FR412"	"Meuse "
"FR413"	"Moselle"
"FR414"	"Vosges"
"FR511"	"Loire-Atlantique"
"FR512"	"Maine-et-Loire"
"FR513"	"Mayenne"
"FR514"	"Sarthe"
"FR515"	"Vendée"
"FR521"	"Côtes-d’Armor"
"FR522"	"Finistère"
"FR523"	"Ille-et-Vilaine"
"FR524"	"Morbihan"
"FR611"	"Dordogne"
"FR612"	"Gironde"
"FR613"	"Landes"
"FR614"	"Lot-et-Garonne"
"FR615"	"Pyrénées-Atlantiques"
"FR631"	"Corrèze"
"FR632"	"Creuse"
"FR633"	"Haute-Vienne"
"FR531"	"Charente"
"FR532"	"Charente-Maritime"
"FR533"	"Deux-Sèvres"
"FR534"	"Vienne"
"FR811"	"Aude"
"FR812"	"Gard"
"FR813"	"Hérault"
"FR814"	"Lozère"
"FR815"	"Pyrénées-Orientales"
"FR621"	"Ariège"
"FR622"	"Aveyron"
"FR623"	"Haute-Garonne"
"FR624"	"Gers"
"FR625"	"Lot"
"FR626"	"Hautes-Pyrénées "
"FR627"	"Tarn"
"FR628"	"Tarn-et-Garonne"
"FR721"	"Allier"
"FR722"	"Cantal"
"FR723"	"Haute-Loire"
"FR724"	"Puy-de-Dôme"
"FR711"	"Ain"
"FR712"	"Ardèche"
"FR713"	"Drôme"
"FR714"	"Isère"
"FR715"	"Loire"
"FR716"	"Rhône"
"FR717"	"Savoie"
"FR718"	"Haute-Savoie"
"FR821"	"Alpes-de-Haute-Provence"
"FR822"	"Hautes-Alpes "
"FR823"	"Alpes-Maritimes"
"FR824"	"Bouches-du-Rhône"
"FR825"	"Var"
"FR826"	"Vaucluse"
"FR831"	"Corse-du-Sud"
"FR832"	"Haute-Corse"
"FRA10"	"Guadeloupe"
"FRA20"	"Martinique "
"FRA30"	"Guyane"
"FRA40"	"La Réunion"
"FRA50"	"Mayotte "
"FRZZZ"	"Extra-Regio NUTS 3"
"HR031"	"Primorsko-goranska županija"
"HR032"	"Ličko-senjska županija"
"HR033"	"Zadarska županija"
"HR034"	"Šibensko-kninska županija"
"HR035"	"Splitsko-dalmatinska županija"
"HR036"	"Istarska županija"
"HR037"	"Dubrovačko-neretvanska županija"
"HR041"	"Grad Zagreb"
"HR042"	"Zagrebačka županija"
"HR043"	"Krapinsko-zagorska županija"
"HR044"	"Varaždinska županija"
"HR045"	"Koprivničko-križevačka županija"
"HR046"	"Međimurska županija"
"HR047"	"Bjelovarsko-bilogorska županija"
"HR048"	"Virovitičko-podravska županija"
"HR049"	"Požeško-slavonska županija"
"HR04A"	"Brodsko-posavska županija"
"HR04B"	"Osječko-baranjska županija"
"HR04C"	"Vukovarsko-srijemska županija"
"HR04D"	"Karlovačka županija"
"HR04E"	"Sisačko-moslavačka županija"
"HRZZZ"	"Extra-Regio NUTS 3"
"ITC11"	"Torino"
"ITC12"	"Vercelli"
"ITC13"	"Biella"
"ITC14"	"Verbano-Cusio-Ossola"
"ITC15"	"Novara"
"ITC16"	"Cuneo"
"ITC17"	"Asti"
"ITC18"	"Alessandria"
"ITC20"	"Valle d’Aosta/Vallée d’Aoste"
"ITC31"	"Imperia"
"ITC32"	"Savona"
"ITC33"	"Genova"
"ITC34"	"La Spezia"
"ITC41"	"Varese"
"ITC42"	"Como"
"ITC43"	"Lecco"
"ITC44"	"Sondrio"
"ITC46"	"Bergamo"
"ITC47"	"Brescia"
"ITC48"	"Pavia"
"ITC49"	"Lodi"
"ITC4A"	"Cremona"
"ITC4B"	"Mantova"
"ITC4C"	"Milano"
"ITC4D"	"Monza e della Brianza"
"ITF11"	"L’Aquila"
"ITF12"	"Teramo"
"ITF13"	"Pescara"
"ITF14"	"Chieti"
"ITF21"	"Isernia"
"ITF22"	"Campobasso"
"ITF31"	"Caserta"
"ITF32"	"Benevento"
"ITF33"	"Napoli"
"ITF34"	"Avellino"
"ITF35"	"Salerno"
"ITF43"	"Taranto"
"ITF44"	"Brindisi"
"ITF45"	"Lecce"
"ITF46"	"Foggia"
"ITF47"	"Bari"
"ITF48"	"Barletta-Andria-Trani"
"ITF51"	"Potenza"
"ITF52"	"Matera"
"ITF61"	"Cosenza"
"ITF62"	"Crotone"
"ITF63"	"Catanzaro"
"ITF64"	"Vibo Valentia"
"ITF65"	"Reggio di Calabria"
"ITG11"	"Trapani"
"ITG12"	"Palermo"
"ITG13"	"Messina"
"ITG14"	"Agrigento"
"ITG15"	"Caltanissetta"
"ITG16"	"Enna"
"ITG17"	"Catania"
"ITG18"	"Ragusa"
"ITG19"	"Siracusa"
"ITG25"	"Sassari"
"ITG26"	"Nuoro"
"ITG27"	"Cagliari"
"ITG28"	"Oristano"
"ITG29"	"Olbia-Tempio"
"ITG2A"	"Ogliastra"
"ITG2B"	"Medio Campidano"
"ITG2C"	"Carbonia-Iglesias"
"ITH10"	"Bolzano-Bozen"
"ITH20"	"Trento"
"ITH31"	"Verona"
"ITH32"	"Vicenza"
"ITH33"	"Belluno"
"ITH34"	"Treviso"
"ITH35"	"Venezia"
"ITH36"	"Padova"
"ITH37"	"Rovigo"
"ITH41"	"Pordenone"
"ITH42"	"Udine"
"ITH43"	"Gorizia"
"ITH44"	"Trieste"
"ITH51"	"Piacenza"
"ITH52"	"Parma"
"ITH53"	"Reggio nell’Emilia"
"ITH54"	"Modena"
"ITH55"	"Bologna"
"ITH56"	"Ferrara"
"ITH57"	"Ravenna"
"ITH58"	"Forlì-Cesena"
"ITH59"	"Rimini"
"ITI11"	"Massa-Carrara"
"ITI12"	"Lucca"
"ITI13"	"Pistoia"
"ITI14"	"Firenze"
"ITI15"	"Prato"
"ITI16"	"Livorno"
"ITI17"	"Pisa"
"ITI18"	"Arezzo"
"ITI19"	"Siena"
"ITI1A"	"Grosseto"
"ITI21"	"Perugia"
"ITI22"	"Terni"
"ITI31"	"Pesaro e Urbino"
"ITI32"	"Ancona"
"ITI33"	"Macerata"
"ITI34"	"Ascoli Piceno"
"ITI35"	"Fermo"
"ITI41"	"Viterbo"
"ITI42"	"Rieti"
"ITI43"	"Roma"
"ITI44"	"Latina"
"ITI45"	"Frosinone"
"ITZZZ"	"Extra-Regio NUTS 3"
"CY000"	"Kypros"
"CYZZZ"	"Extra-Regio NUTS 3"
"LV003"	"Kurzeme"
"LV005"	"Latgale"
"LV006"	"Rīga"
"LV007"	"Pierīga"
"LV008"	"Vidzeme"
"LV009"	"Zemgale"
"LVZZZ"	"Extra-Regio NUTS 3"
"LT00A"	"Vilniaus apskritis"
"LT001"	"Alytaus apskritis"
"LT002"	"Kauno apskritis"
"LT003"	"Klaipėdos apskritis"
"LT004"	"Marijampolės apskritis"
"LT005"	"Panevėžio apskritis"
"LT006"	"Šiaulių apskritis"
"LT007"	"Tauragės apskritis"
"LT008"	"Telšių apskritis"
"LT009"	"Utenos apskritis"
"LU000"	"Luxembourg"
"LUZZZ"	"Extra-Regio NUTS 3"
"HU101"	"Budapest"
"HU102"	"Pest"
"HU211"	"Fejér"
"HU212"	"Komárom-Esztergom"
"HU213"	"Veszprém"
"HU221"	"Győr-Moson-Sopron"
"HU222"	"Vas"
"HU223"	"Zala"
"HU231"	"Baranya"
"HU232"	"Somogy"
"HU233"	"Tolna"
"HU311"	"Borsod-Abaúj-Zemplén"
"HU312"	"Heves"
"HU313"	"Nógrád"
"HU321"	"Hajdú-Bihar"
"HU322"	"Jász-Nagykun-Szolnok"
"HU323"	"Szabolcs-Szatmár-Bereg"
"HU331"	"Bács-Kiskun"
"HU332"	"Békés"
"HU333"	"Csongrád"
"HUZZZ"	"Extra-Regio NUTS 3"
"MT001"	"Malta"
"MT002"	"Gozo and Comino/Għawdex u Kemmuna"
"MTZZZ"	"Extra-Regio NUTS 3"
"NL111"	"Oost-Groningen"
"NL112"	"Delfzijl en omgeving"
"NL113"	"Overig Groningen"
"NL121"	"Noord-Friesland"
"NL122"	"Zuidwest-Friesland"
"NL123"	"Zuidoost-Friesland"
"NL131"	"Noord-Drenthe"
"NL132"	"Zuidoost-Drenthe"
"NL133"	"Zuidwest-Drenthe"
"NL211"	"Noord-Overijssel"
"NL212"	"Zuidwest-Overijssel"
"NL213"	"Twente"
"NL221"	"Veluwe"
"NL224"	"Zuidwest-Gelderland"
"NL225"	"Achterhoek"
"NL226"	"Arnhem/Nijmegen"
"NL230"	"Flevoland"
"NL310"	"Utrecht"
"NL321"	"Kop van Noord-Holland"
"NL323"	"IJmond"
"NL324"	"Agglomeratie Haarlem"
"NL325"	"Zaanstreek"
"NL327"	"Het Gooi en Vechtstreek"
"NL322"	"Alkmaar en omgeving"
"NL326"	"Groot-Amsterdam"
"NL332"	"Agglomeratie ’s-Gravenhage"
"NL333"	"Delft en Westland"
"NL337"	"Agglomeratie Leiden en Bollenstreek"
"NL33A"	"Zuidoost-Zuid-Holland"
"NL338"	"Oost-Zuid-Holland"
"NL339"	"Groot-Rijnmond"
"NL341"	"Zeeuwsch-Vlaanderen"
"NL342"	"Overig Zeeland"
"NL411"	"West-Noord-Brabant"
"NL412"	"Midden-Noord-Brabant"
"NL413"	"Noordoost-Noord-Brabant"
"NL414"	"Zuidoost-Noord-Brabant"
"NL421"	"Noord-Limburg"
"NL422"	"Midden-Limburg"
"NL423"	"Zuid-Limburg"
"NLZZZ"	"Extra-Regio NUTS 3"
"AT111"	"Mittelburgenland"
"AT112"	"Nordburgenland"
"AT113"	"Südburgenland"
"AT121"	"Mostviertel-Eisenwurzen"
"AT122"	"Niederösterreich-Süd"
"AT123"	"Sankt Pölten"
"AT124"	"Waldviertel"
"AT125"	"Weinviertel"
"AT126"	"Wiener Umland/Nordteil"
"AT127"	"Wiener Umland/Südteil"
"AT130"	"Wien"
"AT211"	"Klagenfurt-Villach"
"AT212"	"Oberkärnten"
"AT213"	"Unterkärnten"
"AT221"	"Graz"
"AT222"	"Liezen"
"AT223"	"Östliche Obersteiermark"
"AT224"	"Oststeiermark"
"AT225"	"West- und Südsteiermark"
"AT226"	"Westliche Obersteiermark"
"AT311"	"Innviertel"
"AT312"	"Linz-Wels"
"AT313"	"Mühlviertel"
"AT314"	"Steyr-Kirchdorf"
"AT315"	"Traunviertel"
"AT321"	"Lungau"
"AT322"	"Pinzgau-Pongau"
"AT323"	"Salzburg und Umgebung"
"AT331"	"Außerfern"
"AT332"	"Innsbruck"
"AT333"	"Osttirol"
"AT334"	"Tiroler Oberland"
"AT335"	"Tiroler Unterland"
"AT341"	"Bludenz-Bregenzer Wald"
"AT342"	"Rheintal-Bodenseegebiet"
"ATZZZ"	"Extra-Regio NUTS 3"
"PL213"	"Miasto Kraków"
"PL214"	"Krakowski"
"PL217"	"Tarnowski"
"PL218"	"Nowosądecki"
"PL219"	"Nowotarski"
"PL21A"	"Oświęcimski"
"PL224"	"Częstochowski"
"PL225"	"Bielski"
"PL227"	"Rybnicki"
"PL228"	"Bytomski"
"PL229"	"Gliwicki"
"PL22A"	"Katowicki"
"PL22B"	"Sosnowiecki"
"PL22C"	"Tyski"
"PL411"	"Pilski"
"PL414"	"Koniński"
"PL415"	"Miasto Poznań"
"PL416"	"Kaliski"
"PL417"	"Leszczyński"
"PL418"	"Poznański"
"PL424"	"Miasto Szczecin"
"PL426"	"Koszaliński"
"PL427"	"Szczecinecko-pyrzycki"
"PL428"	"Szczeciński"
"PL431"	"Gorzowski"
"PL432"	"Zielonogórski"
"PL514"	"Miasto Wrocław"
"PL515"	"Jeleniogórski"
"PL516"	"Legnicko-głogowski"
"PL517"	"Wałbrzyski"
"PL518"	"Wrocławski"
"PL523"	"Nyski"
"PL524"	"Opolski"
"PL613"	"Bydgosko-toruński"
"PL616"	"Grudziądzki"
"PL617"	"Inowrocławski"
"PL618"	"Świecki"
"PL619"	"Włocławski"
"PL621"	"Elbląski"
"PL622"	"Olsztyński"
"PL623"	"Ełcki"
"PL633"	"Trójmiejski"
"PL634"	"Gdański"
"PL636"	"Słupski"
"PL637"	"Chojnicki"
"PL638"	"Starogardzki"
"PL113"	"Miasto Łódź"
"PL114"	"Łódzki"
"PL115"	"Piotrkowski"
"PL116"	"Sieradzki"
"PL117"	"Skierniewicki"
"PL331"	"Kielecki"
"PL332"	"Sandomiersko-jędrzejowski"
"PL311"	"Bialski"
"PL312"	"Chełmsko-zamojski"
"PL314"	"Lubelski"
"PL315"	"Puławski"
"PL323"	"Krośnieński"
"PL324"	"Przemyski"
"PL325"	"Rzeszowski"
"PL326"	"Tarnobrzeski"
"PL343"	"Białostocki"
"PL344"	"Łomżyński"
"PL345"	"Suwalski"
"PL623"	"Miasto Warszawa"
"PL63"	"Warszawski wschodni"
"PL633"	"Warszawski zachodni"
"PL128"	"Radomski"
"PL12B"	"Ciechanowski"
"PL12C"	"Płocki"
"PL12D"	"Ostrołęcki"
"PL12E"	"Siedlecki"
"PT111"	"Alto Minho"
"PT112"	"Cávado"
"PT119"	"Ave"
"PT11A"	"Área Metropolitana do Porto"
"PT11B"	"Alto Tâmega"
"PT11C"	"Tâmega e Sousa"
"PT11D"	"Douro"
"PT11E"	"Terras de Trás-os-Montes"
"PT150"	"Algarve"
"PT16B"	"Oeste"
"PT16D"	"Região de Aveiro"
"PT16E"	"Região de Coimbra"
"PT16F"	"Região de Leiria"
"PT16G"	"Viseu Dão Lafões"
"PT16H"	"Beira Baixa"
"PT16I"	"Médio Tejo"
"PT16J"	"Beiras e Serra da Estrela"
"PT170"	"Área Metropolitana de Lisboa"
"PT181"	"Alentejo Litoral"
"PT184"	"Baixo Alentejo"
"PT185"	"Lezíria do Tejo"
"PT186"	"Alto Alentejo"
"PT187"	"Alentejo Central"
"PT200"	"Região Autónoma dos Açores"
"PT300"	"Região Autónoma da Madeira"
"PTZZZ"	"Extra-Regio NUTS 3"
"RO111"	"Bihor"
"RO112"	"Bistriţa-Năsăud"
"RO113"	"Cluj"
"RO114"	"Maramureş"
"RO115"	"Satu Mare"
"RO116"	"Sălaj"
"RO121"	"Alba"
"RO122"	"Braşov"
"RO123"	"Covasna"
"RO124"	"Harghita"
"RO125"	"Mureş"
"RO126"	"Sibiu"
"RO211"	"Bacău"
"RO212"	"Botoşani"
"RO213"	"Iaşi"
"RO214"	"Neamţ"
"RO215"	"Suceava"
"RO216"	"Vaslui"
"RO221"	"Brăila"
"RO222"	"Buzău"
"RO223"	"Constanţa"
"RO224"	"Galaţi"
"RO225"	"Tulcea"
"RO226"	"Vrancea"
"RO311"	"Argeş"
"RO312"	"Călăraşi"
"RO313"	"Dâmboviţa"
"RO314"	"Giurgiu"
"RO315"	"Ialomiţa"
"RO316"	"Prahova"
"RO317"	"Teleorman"
"RO321"	"Bucureşti"
"RO322"	"Ilfov"
"RO411"	"Dolj"
"RO412"	"Gorj"
"RO413"	"Mehedinţi"
"RO414"	"Olt"
"RO415"	"Vâlcea"
"RO421"	"Arad"
"RO422"	"Caraş-Severin"
"RO423"	"Hunedoara"
"RO424"	"Timiş"
"ROZZZ"	"Extra-Regio NUTS 3"
"SI031"	"Pomurska"
"SI032"	"Podravska"
"SI033"	"Koroška"
"SI034"	"Savinjska"
"SI035"	"Zasavska"
"SI036"	"Posavska"
"SI037"	"Jugovzhodna Slovenija"
"SI038"	"Primorsko-notranjska"
"SI041"	"Osrednjeslovenska"
"SI042"	"Gorenjska"
"SI043"	"Goriška"
"SI044"	"Obalno-kraška"
"SIZZZ"	"Extra-Regio NUTS 3"
"SK010"	"Bratislavský kraj"
"SK021"	"Trnavský kraj"
"SK022"	"Trenčiansky kraj"
"SK023"	"Nitriansky kraj"
"SK031"	"Žilinský kraj"
"SK032"	"Banskobystrický kraj"
"SK041"	"Prešovský kraj"
"SK042"	"Košický kraj"
"SKZZZ"	"Extra-Regio NUTS 3"
"FI193"	"Keski-Suomi"
"FI194"	"Etelä-Pohjanmaa"
"FI195"	"Pohjanmaa"
"FI196"	"Satakunta"
"FI197"	"Pirkanmaa"
"FI1B1"	"Helsinki-Uusimaa"
"FI1C1"	"Varsinais-Suomi"
"FI1C2"	"Kanta-Häme"
"FI1C3"	"Päijät-Häme"
"FI1C4"	"Kymenlaakso"
"FI1C5"	"Etelä-Karjala"
"FI1D1"	"Etelä-Savo"
"FI1D2"	"Pohjois-Savo"
"FI1D3"	"Pohjois-Karjala"
"FI1D4"	"Keski-Pohjanmaa"
"FI1D5"	"Lappi"
"FI1D4"	"Kainuu"
"FI1D6"	"Pohjois-Pohjanmaa"
"FI200"	"Åland"
"FIZZZ"	"Extra-Regio NUTS 3"
"SE110"	"Stockholms län"
"SE121"	"Uppsala län"
"SE122"	"Södermanlands län"
"SE123"	"Östergötlands län"
"SE124"	"Örebro län"
"SE125"	"Västmanlands län"
"SE211"	"Jönköpings län"
"SE212"	"Kronobergs län"
"SE213"	"Kalmar län"
"SE214"	"Gotlands län"
"SE221"	"Blekinge län"
"SE224"	"Skåne län"
"SE231"	"Hallands län"
"SE232"	"Västra Götalands län"
"SE311"	"Värmlands län"
"SE312"	"Dalarnas län"
"SE313"	"Gävleborgs län"
"SE321"	"Västernorrlands län"
"SE322"	"Jämtlands län"
"SE331"	"Västerbottens län"
"SE332"	"Norrbottens län"
"SEZZZ"	"Extra-Regio NUTS 3"
"UKC11"	"Hartlepool and Stockton-on-Tees"
"UKC12"	"South Teesside"
"UKC13"	"Darlington"
"UKC14"	"Durham CC"
"UKC21"	"Northumberland"
"UKC22"	"Tyneside"
"UKC23"	"Sunderland"
"UKD11"	"West Cumbria"
"UKD12"	"East Cumbria"
"UKD33"	"Manchester"
"UKD34"	"Greater Manchester South West"
"UKD35"	"Greater Manchester South East"
"UKD36"	"Greater Manchester North West"
"UKD37"	"Greater Manchester North East"
"UKD41"	"Blackburn with Darwen"
"UKD42"	"Blackpool"
"UKD44"	"Lancaster and Wyre"
"UKD45"	"Mid Lancashire"
"UKD46"	"East Lancashire"
"UKD47"	"Chorley and West Lancashire"
"UKD61"	"Warrington"
"UKD62"	"Cheshire East"
"UKD63"	"Cheshire West and Chester"
"UKD71"	"East Merseyside"
"UKD72"	"Liverpool"
"UKD73"	"Sefton"
"UKD74"	"Wirral"
"UKE11"	"Kingston upon Hull, City of"
"UKE12"	"East Riding of Yorkshire"
"UKE13"	"North and North East Lincolnshire"
"UKE21"	"York"
"UKE22"	"North Yorkshire CC"
"UKE31"	"Barnsley, Doncaster and Rotherham"
"UKE32"	"Sheffield"
"UKE41"	"Bradford"
"UKE42"	"Leeds"
"UKE44"	"Calderdale and Kirklees"
"UKE45"	"Wakefield"
"UKF11"	"Derby"
"UKF12"	"East Derbyshire"
"UKF13"	"South and West Derbyshire"
"UKF14"	"Nottingham"
"UKF15"	"North Nottinghamshire"
"UKF16"	"South Nottinghamshire"
"UKF21"	"Leicester"
"UKF22"	"Leicestershire CC and Rutland"
"UKF24"	"West Northamptonshire"
"UKF25"	"North Northamptonshire"
"UKF30"	"Lincolnshire"
"UKG11"	"Herefordshire, County of"
"UKG12"	"Worcestershire"
"UKG13"	"Warwickshire"
"UKG21"	"Telford and Wrekin"
"UKG22"	"Shropshire CC"
"UKG23"	"Stoke-on-Trent"
"UKG24"	"Staffordshire CC"
"UKG31"	"Birmingham"
"UKG32"	"Solihull"
"UKG33"	"Coventry"
"UKG36"	"Dudley"
"UKG37"	"Sandwell"
"UKG38"	"Walsall"
"UKG39"	"Wolverhampton"
"UKH11"	"Peterborough"
"UKH12"	"Cambridgeshire CC"
"UKH14"	"Suffolk"
"UKH15"	"Norwich and East Norfolk"
"UKH16"	"North and West Norfolk"
"UKH17"	"Breckland and South Norfolk"
"UKH21"	"Luton"
"UKH23"	"Hertfordshire"
"UKH24"	"Bedford"
"UKH25"	"Central Bedfordshire"
"UKH31"	"Southend-on-Sea"
"UKH32"	"Thurrock"
"UKH34"	"Essex Haven Gateway"
"UKH35"	"West Essex"
"UKH36"	"Heart of Essex"
"UKH37"	"Essex Thames Gateway"
"UKI31"	"Camden and City of London"
"UKI32"	"Westminster"
"UKI33"	"Kensington & Chelsea and Hammersmith & Fulham"
"UKI34"	"Wandsworth"
"UKI41"	"Hackney and Newham"
"UKI42"	"Tower Hamlets"
"UKI43"	"Haringey and Islington"
"UKI44"	"Lewisham and Southwark"
"UKI45"	"Lambeth"
"UKI51"	"Bexley and Greenwich"
"UKI52"	"Barking & Dagenham and Havering"
"UKI53"	"Redbridge and Waltham Forest"
"UKI54"	"Enfield"
"UKI61"	"Bromley"
"UKI62"	"Croydon"
"UKI63"	"Merton, Kingston upon Thames and Sutton"
"UKI71"	"Barnet"
"UKI72"	"Brent"
"UKI73"	"Ealing"
"UKI74"	"Harrow and Hillingdon"
"UKI75"	"Hounslow and Richmond upon Thames"
"UKJ11"	"Berkshire"
"UKJ12"	"Milton Keynes"
"UKJ13"	"Buckinghamshire CC"
"UKJ14"	"Oxfordshire"
"UKJ21"	"Brighton and Hove"
"UKJ22"	"East Sussex CC"
"UKJ25"	"West Surrey"
"UKJ26"	"East Surrey"
"UKJ27"	"West Sussex (South West)"
"UKJ28"	"West Sussex (North East)"
"UKJ31"	"Portsmouth"
"UKJ32"	"Southampton"
"UKJ34"	"Isle of Wight"
"UKJ35"	"South Hampshire"
"UKJ36"	"Central Hampshire"
"UKJ37"	"North Hampshire"
"UKJ41"	"Medway"
"UKJ43"	"Kent Thames Gateway"
"UKJ44"	"East Kent"
"UKJ45"	"Mid Kent"
"UKJ46"	"West Kent"
"UKK11"	"Bristol, City of"
"UKK12"	"Bath and North East Somerset, North Somerset and South Gloucestershire"
"UKK13"	"Gloucestershire"
"UKK14"	"Swindon"
"UKK15"	"Wiltshire CC"
"UKK21"	"Bournemouth and Poole"
"UKK22"	"Dorset CC"
"UKK23"	"Somerset"
"UKK30"	"Cornwall and Isles of Scilly"
"UKK41"	"Plymouth"
"UKK42"	"Torbay"
"UKK43"	"Devon CC"
"UKL11"	"Isle of Anglesey"
"UKL12"	"Gwynedd"
"UKL13"	"Conwy and Denbighshire"
"UKL14"	"South West Wales"
"UKL15"	"Central Valleys"
"UKL16"	"Gwent Valleys"
"UKL17"	"Bridgend and Neath Port Talbot"
"UKL18"	"Swansea"
"UKL21"	"Monmouthshire and Newport"
"UKL22"	"Cardiff and Vale of Glamorgan"
"UKL23"	"Flintshire and Wrexham"
"UKL24"	"Powys"
"UKM50"	"Aberdeen City and Aberdeenshire"
"UKM61"	"Caithness & Sutherland and Ross & Cromarty"
"UKM62"	"Inverness & Nairn and Moray, Badenoch & Strathspey"
"UKM63"	"Lochaber, Skye & Lochalsh, Arran & Cumbrae and Argyll & Bute"
"UKM64"	"Na h-Eileanan Siar (Western Isles)"
"UKM65"	"Orkney Islands"
"UKM66"	"Shetland Islands"
"UKM21"	"Angus and Dundee City"
"UKM22"	"Clackmannanshire and Fife"
"UKM23"	"East Lothian and Midlothian"
"UKM25"	"Edinburgh, City of"
"UKM26"	"Falkirk"
"UKM27"	"Perth & Kinross and Stirling"
"UKM28"	"West Lothian"
"UKM31"	"East Dunbartonshire, West Dunbartonshire and Helensburgh & Lomond"
"UKM34"	"Glasgow City"
"UKM35"	"Inverclyde, East Renfrewshire and Renfrewshire"
"UKM36"	"North Lanarkshire"
"UKM24"	"Scottish Borders"
"UKM32"	"Dumfries & Galloway"
"UKM33"	"East Ayrshire and North Ayrshire mainland"
"UKM37"	"South Ayrshire"
"UKM38"	"South Lanarkshire"
"UKN01"	"Belfast"
"UKN02"	"Outer Belfast"
"UKN03"	"East of Northern Ireland"
"UKN04"	"North of Northern Ireland"
"UKN05"	"West and South of Northern Ireland"
"UKZZZ"	"Extra-Regio NUTS 3"
"BE10"	"Région de Bruxelles-Capitale/ Brussels Hoofdstedelijk Gewest"
"BE21"	"Prov. Antwerpen"
"BE22"	"Prov. Limburg (BE)"
"BE23"	"Prov. Oost-Vlaanderen"
"BE24"	"Prov. Vlaams-Brabant"
"BE25"	"Prov. West-Vlaanderen"
"BE31"	"Prov. Brabant Wallon"
"BE32"	"Prov. Hainaut"
"BE33"	"Prov. Liège"
"BE34"	"Prov. Luxembourg (BE)"
"BE35"	"Prov. Namur"
"BEZZ"	"Extra-Regio NUTS 2"
"BG31"	"Severozapaden"
"BG32"	"Severen tsentralen"
"BG33"	"Severoiztochen"
"BG34"	"Yugoiztochen"
"BG41"	"Yugozapaden"
"BG42"	"Yuzhen tsentralen"
"BGZZ"	"Extra-Regio NUTS 2"
"CZ01"	"Praha"
"CZ02"	"Střední Čechy"
"CZ03"	"Jihozápad"
"CZ04"	"Severozápad"
"CZ05"	"Severovýchod"
"CZ06"	"Jihovýchod"
"CZ07"	"Střední Morava"
"CZ08"	"Moravskoslezsko"
"CZZZ"	"Extra-Regio NUTS 2"
"DK01"	"Hovedstaden"
"DK02"	"Sjælland"
"DK03"	"Syddanmark"
"DK04"	"Midtjylland"
"DK05"	"Nordjylland"
"DKZZ"	"Extra-Regio NUTS 2"
"DE11"	"Stuttgart"
"DE12"	"Karlsruhe"
"DE13"	"Freiburg"
"DE14"	"Tübingen"
"DE21"	"Oberbayern"
"DE22"	"Niederbayern"
"DE23"	"Oberpfalz"
"DE24"	"Oberfranken"
"DE25"	"Mittelfranken"
"DE26"	"Unterfranken"
"DE27"	"Schwaben"
"DE30"	"Berlin"
"DE40"	"Brandenburg"
"DE50"	"Bremen"
"DE60"	"Hamburg"
"DE71"	"Darmstadt"
"DE72"	"Gießen"
"DE73"	"Kassel"
"DE80"	"Mecklenburg-Vorpommern"
"DE91"	"Braunschweig"
"DE92"	"Hannover"
"DE93"	"Lüneburg"
"DE94"	"Weser-Ems"
"DEA1"	"Düsseldorf"
"DEA2"	"Köln"
"DEA3"	"Münster"
"DEA4"	"Detmold"
"DEA5"	"Arnsberg"
"DEB1"	"Koblenz"
"DEB2"	"Trier"
"DEB3"	"Rheinhessen-Pfalz"
"DEC0"	"Saarland"
"DED2"	"Dresden"
"DED4"	"Chemnitz"
"DED5"	"Leipzig"
"DEE0"	"Sachsen-Anhalt"
"DEF0"	"Schleswig-Holstein"
"DEG0"	"Thüringen"
"DEZZ"	"Extra-Regio NUTS 2"
"EE00"	"Eesti"
"EEZZ"	"Extra-Regio NUTS 2"
"IE01"	"Border, Midland and Western"
"IE02"	"Southern and Eastern"
"IEZZ"	"Extra-Regio NUTS 2"
"EL30"	"Attiki"
"EL41"	"Voreio Aigaio"
"EL42"	"Notio Aigaio"
"EL43"	"Kriti"
"EL51"	"Anatoliki Makedonia, Thraki"
"EL52"	"Kentriki Makedonia"
"EL53"	"Dytiki Makedonia"
"EL54"	"Ipeiros"
"EL61"	"Thessalia"
"EL62"	"Ionia Nisia"
"EL63"	"Dytiki Ellada"
"EL64"	"Sterea Ellada"
"EL65"	"Peloponnisos"
"ELZZ"	"Extra-Regio NUTS 2"
"ES11"	"Galicia"
"ES12"	"Principado de Asturias"
"ES13"	"Cantabria"
"ES21"	"País Vasco"
"ES22"	"Comunidad Foral de Navarra"
"ES23"	"La Rioja"
"ES24"	"Aragón"
"ES30"	"Comunidad de Madrid"
"ES41"	"Castilla y León"
"ES42"	"Castilla-La Mancha"
"ES43"	"Extremadura"
"ES51"	"Cataluña"
"ES52"	"Comunidad Valenciana"
"ES53"	"Illes Balears"
"ES61"	"Andalucía"
"ES62"	"Región de Murcia"
"ES63"	"Ciudad Autónoma de Ceuta"
"ES64"	"Ciudad Autónoma de Melilla"
"ES70"	"Canarias"
"ESZZ"	"Extra-Regio NUTS 2"
"FR10"	"Ile-de-France"
"FR24"	"Centre — Val de Loire"
"FR26"	"Bourgogne"
"FR43"	"Franche-Comté"
"FR25"	"Basse-Normandie "
"FR23"	"Haute-Normandie "
"FR30"	"Nord-Pas de Calais"
"FR22"	"Picardie"
"FR42"	"Alsace"
"FR21"	"Champagne-Ardenne"
"FR41"	"Lorraine"
"FR51"	"Pays de la Loire"
"FR52"	"Bretagne"
"FR61"	"Aquitaine"
"FR63"	"Limousin"
"FR53"	"Poitou-Charentes"
"FR81"	"Languedoc-Roussillon"
"FR62"	"Midi-Pyrénées"
"FR72"	"Auvergne"
"FR71"	"Rhône-Alpes"
"FR82"	"Provence-Alpes-Côte d’Azur"
"FR83"	"Corse"
"FRA1"	"Guadeloupe"
"FRA2"	"Martinique "
"FRA3"	"Guyane"
"FRA4"	"La Réunion "
"FRA5"	"Mayotte"
"FRZZ"	"Extra-Regio NUTS 2"
"HR03"	"Jadranska Hrvatska"
"HR04"	"Kontinentalna Hrvatska"
"HRZZ"	"Extra-Regio NUTS 2"
"ITC1"	"Piemonte"
"ITC2"	"Valle d’Aosta/Vallée d’Aoste"
"ITC3"	"Liguria"
"ITC4"	"Lombardia"
"ITF1"	"Abruzzo"
"ITF2"	"Molise"
"ITF3"	"Campania"
"ITF4"	"Puglia"
"ITF5"	"Basilicata"
"ITF6"	"Calabria"
"ITG1"	"Sicilia"
"ITG2"	"Sardegna"
"ITH1"	"Provincia Autonoma di Bolzano/Bozen"
"ITH2"	"Provincia Autonoma di Trento"
"ITH3"	"Veneto"
"ITH4"	"Friuli-Venezia Giulia"
"ITH5"	"Emilia-Romagna"
"ITI1"	"Toscana"
"ITI2"	"Umbria"
"ITI3"	"Marche"
"ITI4"	"Lazio"
"ITZZ"	"Extra-Regio NUTS 2"
"CY00"	"Kypros"
"CYZZ"	"Extra-Regio NUTS 2"
"LV00"	"Latvija"
"LVZZ"	"Extra-Regio NUTS 2"
"LT00"	"Lietuva"
"LTZZZ"	"Extra-Regio NUTS 2"
"LU00"	"Luxembourg"
"LUZZ"	"Extra-Regio NUTS 2"
"HU10"	"Közép-Magyarország"
"HU21"	"Közép-Dunántúl"
"HU22"	"Nyugat-Dunántúl"
"HU23"	"Dél-Dunántúl"
"HU31"	"Észak-Magyarország"
"HU32"	"Észak-Alföld"
"HU33"	"Dél-Alföld"
"HUZZ"	"Extra-Regio NUTS 2"
"MT00"	"Malta"
"MTZZ"	"Extra-Regio NUTS 2"
"NL11"	"Groningen"
"NL12"	"Friesland (NL)"
"NL13"	"Drenthe"
"NL21"	"Overijssel"
"NL22"	"Gelderland"
"NL23"	"Flevoland"
"NL31"	"Utrecht"
"NL32"	"Noord-Holland"
"NL33"	"Zuid-Holland"
"NL34"	"Zeeland"
"NL41"	"Noord-Brabant"
"NL42"	"Limburg (NL)"
"NLZZ"	"Extra-Regio NUTS 2"
"AT11"	"Burgenland"
"AT12"	"Niederösterreich"
"AT13"	"Wien"
"AT21"	"Kärnten"
"AT22"	"Steiermark"
"AT31"	"Oberösterreich"
"AT32"	"Salzburg"
"AT33"	"Tirol"
"AT34"	"Vorarlberg"
"ATZZ"	"Extra-Regio NUTS 2"
"PL21"	"Małopolskie"
"PL22"	"Śląskie"
"PL41"	"Wielkopolskie"
"PL42"	"Zachodniopomorskie"
"PL43"	"Lubuskie"
"PL51"	"Dolnośląskie"
"PL52"	"Opolskie"
"PL61"	"Kujawsko-pomorskie"
"PL62"	"Warmińsko-mazurskie"
"PL63"	"Pomorskie"
"PL11"	"Łódzkie"
"PL33"	"Świętokrzyskie"
"PL31"	"Lubelskie"
"PL32"	"Podkarpackie"
"PL34"	"Podlaskie"
"PL12"	"Mazowieckie"
"PT11"	"Norte"
"PT15"	"Algarve"
"PT16"	"Centro (PT)"
"PT17"	"Área Metropolitana de Lisboa"
"PT18"	"Alentejo"
"PT20"	"Região Autónoma dos Açores"
"PT30"	"Região Autónoma da Madeira"
"PTZZ"	"Extra-Regio NUTS 2"
"RO11"	"Nord-Vest"
"RO12"	"Centru"
"RO21"	"Nord-Est"
"RO22"	"Sud-Est"
"RO31"	"Sud-Muntenia"
"RO32"	"Bucureşti-Ilfov"
"RO41"	"Sud-Vest Oltenia"
"RO42"	"Vest"
"ROZZ"	"Extra-Regio NUTS 2"
"SI03"	"Vzhodna Slovenija"
"SI04"	"Zahodna Slovenija"
"SIZZ"	"Extra-Regio NUTS 2"
"SK01"	"Bratislavský kraj"
"SK02"	"Západné Slovensko"
"SK03"	"Stredné Slovensko"
"SK04"	"Východné Slovensko"
"SKZZ"	"Extra-Regio NUTS 2"
"FI19"	"Länsi-Suomi"
"FI1B"	"Helsinki-Uusimaa"
"FI1C"	"Etelä-Suomi"
"FI1D"	"Pohjois- ja Itä-Suomi"
"FI20"	"Åland"
"FIZZ"	"Extra-Regio NUTS 2"
"SE11"	"Stockholm"
"SE12"	"Östra Mellansverige"
"SE21"	"Småland med öarna"
"SE22"	"Sydsverige"
"SE23"	"Västsverige"
"SE31"	"Norra Mellansverige"
"SE32"	"Mellersta Norrland"
"SE33"	"Övre Norrland"
"SEZZ"	"Extra-Regio NUTS 2"
"UKC1"	"Tees Valley and Durham"
"UKC2"	"Northumberland and Tyne and Wear"
"UKD1"	"Cumbria"
"UKD3"	"Greater Manchester"
"UKD4"	"Lancashire"
"UKD6"	"Cheshire"
"UKD7"	"Merseyside"
"UKE1"	"East Yorkshire and Northern Lincolnshire"
"UKE2"	"North Yorkshire"
"UKE3"	"South Yorkshire"
"UKE4"	"West Yorkshire"
"UKF1"	"Derbyshire and Nottinghamshire"
"UKF2"	"Leicestershire, Rutland and Northamptonshire"
"UKF3"	"Lincolnshire"
"UKG1"	"Herefordshire, Worcestershire and Warwickshire"
"UKG2"	"Shropshire and Staffordshire"
"UKG3"	"West Midlands"
"UKH1"	"East Anglia"
"UKH2"	"Bedfordshire and Hertfordshire"
"UKH3"	"Essex"
"UKI3"	"Inner London — West"
"UKI4"	"Inner London — East"
"UKI5"	"Outer London — East and North East"
"UKI6"	"Outer London — South"
"UKI7"	"Outer London — West and North West"
"UKJ1"	"Berkshire, Buckinghamshire and Oxfordshire"
"UKJ2"	"Surrey, East and West Sussex"
"UKJ3"	"Hampshire and Isle of Wight"
"UKJ4"	"Kent"
"UKK1"	"Gloucestershire, Wiltshire and Bristol/Bath area"
"UKK2"	"Dorset and Somerset"
"UKK3"	"Cornwall and Isles of Scilly"
"UKK4"	"Devon"
"UKL1"	"West Wales and The Valleys"
"UKL2"	"East Wales"
"UKM5"	"North Eastern Scotland"
"UKM6"	"Highlands and Islands"
"UKM2"	"Eastern Scotland"
"UKM3"	"South Western Scotland"
"UKN0"	"Northern Ireland"
"UKZZ"	"Extra-Regio NUTS 2"
"BE1"	"RÉGION DE BRUXELLES-CAPITALE/BRUSSELS HOOFDSTEDELIJK GEWEST"
"BE2"	"VLAAMS GEWEST"
"BE3"	"RÉGION WALLONNE"
"BEZ"	"EXTRA-REGIO NUTS 1"
"BG3"	"SEVERNA I YUGOIZTOCHNA BULGARIA"
"BG4"	"YUGOZAPADNA I YUZHNA TSENTRALNA BULGARIA"
"BGZ"	"EXTRA-REGIO NUTS 1"
"CZ0"	"ČESKÁ REPUBLIKA"
"CZZ"	"EXTRA-REGIO NUTS 1"
"DK0"	"DANMARK"
"DKZ"	"EXTRA-REGIO NUTS 1"
"DE1"	"BADEN-WÜRTTEMBERG"
"DE2"	"BAYERN"
"DE3"	"BERLIN"
"DE4"	"BRANDENBURG"
"DE5"	"BREMEN"
"DE6"	"HAMBURG"
"DE7"	"HESSEN"
"DE8"	"MECKLENBURG-VORPOMMERN"
"DE9"	"NIEDERSACHSEN"
"DEA"	"NORDRHEIN-WESTFALEN"
"DEB"	"RHEINLAND-PFALZ"
"DEC"	"SAARLAND"
"DED"	"SACHSEN"
"DEE"	"SACHSEN-ANHALT"
"DEF"	"SCHLESWIG-HOLSTEIN"
"DEG"	"THÜRINGEN"
"DEZ"	"EXTRA-REGIO NUTS 1"
"EE0"	"EESTI"
"EEZ"	"EXTRA-REGIO NUTS 1"
"IE0"	"IRELAND"
"IEZ"	"EXTRA-REGIO NUTS 1"
"EL3"	"ATTIKI"
"EL4"	"NISIA AIGAIOU, KRITI"
"EL5"	"VOREIA ELLADA"
"EL6"	"KENTRIKI ELLADA"
"ELZ"	"EXTRA-REGIO NUTS 1"
"ES1"	"NOROESTE"
"ES2"	"NORESTE"
"ES3"	"COMUNIDAD DE MADRID"
"ES4"	"CENTRO (ES)"
"ES5"	"ESTE"
"ES6"	"SUR"
"ES7"	"CANARIAS"
"ESZ"	"EXTRA-REGIO NUTS 1"
"FR1"	"ILE-DE-FRANCE"
"FRB"	"CENTRE — VAL DE LOIRE"
"FRC"	"BOURGOGNE-FRANCHE-COMTÉ"
"FRD"	"NORMANDIE"
"FRE"	"HAUTS DE France"
"FRF"	"GRAND EST"
"FRG"	"PAYS DE LA LOIRE"
"FRH"	"BRETAGNE"
"FRI"	"NOUVELLE AQUITAINE"
"FRJ"	"OCCITANIE"
"FRK"	"AUVERGNE-RHÔNE-ALPES"
"FRL"	"PROVENCE-ALPES-CÔTE D’AZUR"
"FRM"	"CORSE"
"FRY"	"RUP FR — RÉGIONS ULTRAPÉRIPHÉRIQUES FRANÇAISES"
"FRZ"	"EXTRA-REGIO NUTS 1"
"HR0"	"HRVATSKA"
"HRZ"	"EXTRA-REGIO NUTS 1"
"ITC"	"NORD-OVEST"
"ITF"	"SUD"
"ITG"	"ISOLE"
"ITH"	"NORD-EST"
"ITI"	"CENTRO (IT)"
"ITZ"	"EXTRA-REGIO NUTS 1"
"CY0"	"KYPROS"
"CYZ"	"EXTRA-REGIO NUTS 1"
"LV0"	"LATVIJA"
"LVZ"	"EXTRA-REGIO NUTS 1"
"LT0"	"LIETUVA"
"LTZ"	"EXTRA-REGIO NUTS 1"
"LU0"	"LUXEMBOURG"
"LUZ"	"EXTRA-REGIO NUTS 1"
"HU1"	"KÖZÉP-MAGYARORSZÁG"
"HU2"	"DUNÁNTÚL"
"HU3"	"ALFÖLD ÉS ÉSZAK"
"HUZ"	"EXTRA-REGIO NUTS 1"
"MT0"	"MALTA"
"MTZ"	"EXTRA-REGIO NUTS 1"
"NL1"	"NOORD-NEDERLAND"
"NL2"	"OOST-NEDERLAND"
"NL3"	"WEST-NEDERLAND"
"NL4"	"ZUID-NEDERLAND"
"NLZ"	"EXTRA-REGIO NUTS 1"
"AT1"	"OSTÖSTERREICH"
"AT2"	"SÜDÖSTERREICH"
"AT3"	"WESTÖSTERREICH"
"ATZ"	"EXTRA-REGIO NUTS 1"
"PL2"	"MAKROREGION POŁUDNIOWY"
"PL4"	"MAKROREGION PÓŁNOCNO-ZACHODNI"
"PL5"	"MAKROREGION POŁUDNIOWO-ZACHODNI"
"PL6"	"MAKROREGION PÓŁNOCNY"
"PL7"	"MAKROREGION CENTRALNY"
"PL8"	"MAKROREGION WSCHODNI"
"PL9"	"MAKROREGION WOJEWÓDZTWO MAZOWIECKIE"
"PLZ"	"EXTRA-REGIO NUTS 1"
"PT1"	"CONTINENTE"
"PT2"	"REGIÃO AUTÓNOMA DOS AÇORES"
"PT3"	"REGIÃO AUTÓNOMA DA MADEIRA"
"PTZ"	"EXTRA-REGIO NUTS 1"
"RO1"	"MACROREGIUNEA UNU"
"RO2"	"MACROREGIUNEA DOI"
"RO3"	"MACROREGIUNEA TREI"
"RO4"	"MACROREGIUNEA PATRU"
"ROZ"	"EXTRA-REGIO NUTS 1"
"SI0"	"SLOVENIJA"
"SIZ"	"EXTRA-REGIO NUTS 1"
"SK0"	"SLOVENSKO"
"SKZ"	"EXTRA-REGIO NUTS 1"
"FI1"	"MANNER-SUOMI"
"FI2"	"ÅLAND"
"FIZ"	"EXTRA-REGIO NUTS 1"
"SE1"	"ÖSTRA SVERIGE"
"SE2"	"SÖDRA SVERIGE"
"SE3"	"NORRA SVERIGE"
"SEZ"	"EXTRA-REGIO NUTS 1"
"UKC"	"NORTH EAST (ENGLAND)"
"UKD"	"NORTH WEST (ENGLAND)"
"UKE"	"YORKSHIRE AND THE HUMBER"
"UKF"	"EAST MIDLANDS (ENGLAND)"
"UKG"	"WEST MIDLANDS (ENGLAND)"
"UKH"	"EAST OF ENGLAND"
"UKI"	"LONDON"
"UKJ"	"SOUTH EAST (ENGLAND)"
"UKK"	"SOUTH WEST (ENGLAND)"
"UKL"	"WALES"
"UKM"	"SCOTLAND"
"UKN"	"NORTHERN IRELAND"
"UKZ"	"EXTRA-REGIO NUTS 1"
